Order ID,Returned
CA-2012-SA20830140-41210,Yes
IN-2012-PB19210127-41259,Yes
CA-2012-SC20095140-41174,Yes
IN-2015-JH158207-42140,Yes
IN-2014-LC168857-41747,Yes
ID-2013-AB1001527-41439,Yes
ES-2015-RA1994545-42218,Yes
CA-2014-TB21280140-41724,Yes
ES-2014-JF15295120-41924,Yes
IN-2014-NM1844527-41800,Yes
IN-2015-GB145307-42260,Yes
ES-2012-SC208458-41070,Yes
TU-2013-SF10200134-41417,Yes
ID-2015-RD1993092-42140,Yes
CA-2014-TC21295140-41800,Yes
SF-2015-MV8190117-42362,Yes
IN-2014-EM1382566-41850,Yes
ES-2015-CC1210045-42182,Yes
ES-2015-MM1792045-42199,Yes
IN-2015-DB1306027-42353,Yes
IN-2013-JC157757-41310,Yes
CA-2015-RB19705140-42262,Yes
ES-2015-BB1154548-42336,Yes
AL-2012-SC102302-40970,Yes
UP-2014-MC7275137-41997,Yes
IN-2013-EJ13720113-41608,Yes
CA-2012-AJ10780140-41212,Yes
CA-2014-EM14140140-41822,Yes
ES-2015-RD19585120-42007,Yes
US-2014-SC20230140-41873,Yes
IN-2013-JR1570058-41441,Yes
IN-2013-DL129257-41418,Yes
ES-2014-EG1390045-41644,Yes
ES-2013-DB1297045-41458,Yes
CA-2014-CL12565140-41768,Yes
ES-2014-EB13930139-41962,Yes
IN-2015-ML1739559-42369,Yes
SA-2015-MC7575110-42326,Yes
CA-2014-SS1041023-41995,Yes
ID-2015-ST205307-42336,Yes
MX-2012-AH1003082-41251,Yes
ID-2015-MM1726078-42181,Yes
IT-2015-DM1301564-42167,Yes
IN-2015-JW1595527-42190,Yes
CA-2013-SG20080140-41578,Yes
IN-2014-PF1912027-41916,Yes
US-2015-AG1052582-42355,Yes
IN-2015-PB191057-42281,Yes
MX-2015-BS1136518-42199,Yes
IT-2012-MP1817545-41040,Yes
IN-2014-BT1168027-41815,Yes
IN-2013-MH180257-41443,Yes
ID-2015-LW172157-42293,Yes
MX-2014-KA1652539-41922,Yes
ID-2015-CS123557-42328,Yes
IN-2015-KM163757-42342,Yes
MX-2013-PK1891082-41532,Yes
ES-2015-BT1139564-42088,Yes
MX-2013-CC1243082-41634,Yes
IT-2015-AR1082545-42290,Yes
ID-2014-CS11860102-41858,Yes
IN-2014-AB1060058-41858,Yes
IN-2012-CG1204027-41252,Yes
AG-2013-PO88653-41634,Yes
EG-2015-CM211538-42144,Yes
ES-2015-BN1151545-42304,Yes
IN-2014-CL1189066-41999,Yes
ID-2015-AA1064559-42332,Yes
ES-2014-JK1609064-41800,Yes
IN-2015-CD1192059-42326,Yes
IN-2012-ES1408027-40941,Yes
MX-2013-DO1364512-41461,Yes
CG-2013-SC1030533-41538,Yes
SI-2015-SM10005115-42252,Yes
IN-2012-GT1471058-41158,Yes
ID-2013-SC2080059-41380,Yes
MX-2013-HF1499518-41423,Yes
ES-2012-AG1049545-41002,Yes
IN-2015-SD2048527-42259,Yes
CA-2012-PC18745140-41273,Yes
US-2015-DH13075140-42092,Yes
ES-2015-LR1691545-42237,Yes
SF-2015-CD1920117-42055,Yes
ES-2012-TT2146045-41014,Yes
IN-2015-PS1904558-42272,Yes
CA-2015-KL16555140-42313,Yes
US-2013-PO1918082-41504,Yes
ID-2015-JG15310130-42133,Yes
ES-2014-MG17680120-41867,Yes
ES-2015-RA1994548-42249,Yes
IT-2015-KD1634545-42238,Yes
CA-2012-DP13165140-41244,Yes
CA-2014-EH13765140-41997,Yes
ID-2015-TB214007-42322,Yes
MX-2013-ES1408018-41619,Yes
IN-2012-TB2152059-41207,Yes
ES-2012-MR1754564-41157,Yes
IN-2015-GW1460558-42173,Yes
CA-2013-JK15205140-41544,Yes
IN-2015-GM1445558-42273,Yes
CA-2015-MG18145140-42285,Yes
CA-2013-EM13960140-41548,Yes
ES-2014-RM1937545-41643,Yes
IN-2012-GG1465027-40992,Yes
IN-2014-TB2140066-41873,Yes
MX-2015-MP1796518-42189,Yes
US-2012-LT17110140-41060,Yes
ES-2013-BF1117048-41527,Yes
ID-2013-CC126857-41572,Yes
ES-2013-AJ1094548-41444,Yes
US-2015-GZ14545140-42212,Yes
ES-2015-BM1165045-42176,Yes
ID-2014-RD197207-41776,Yes
MX-2015-DB1336018-42280,Yes
US-2012-CV12295140-40995,Yes
IT-2013-BF1102045-41418,Yes
IN-2015-LT1676511-42286,Yes
IN-2015-VB217451-42349,Yes
IT-2014-JG15115104-41952,Yes
MX-2012-JP1552018-41174,Yes
MX-2012-RD1993051-41223,Yes
IN-2015-AT1043559-42243,Yes
IN-2012-SC2069559-41248,Yes
ES-2012-ER13855120-41159,Yes
ES-2012-TB2162545-41262,Yes
ES-2013-CM124458-41375,Yes
US-2012-BF11170140-41266,Yes
ID-2014-CJ1187592-41831,Yes
RS-2015-GG4650108-42102,Yes
ES-2015-KA1652545-42353,Yes
MX-2014-CW1190593-41788,Yes
MX-2015-SV2078582-42347,Yes
ES-2012-DJ1351048-40923,Yes
CA-2014-HF14995140-41761,Yes
CA-2014-CL12565140-41788,Yes
CA-2012-LR16915140-41128,Yes
CA-2015-KH16510140-42347,Yes
MX-2015-KC1667518-42070,Yes
CA-2014-ON18715140-41959,Yes
IN-2013-MA1799559-41314,Yes
IS-2014-RA928563-41916,Yes
IN-2012-TB2162588-41177,Yes
IN-2012-MC1784559-41116,Yes
ID-2014-KH16690144-41991,Yes
ES-2015-AT1073545-42367,Yes
ES-2014-PO1885048-41898,Yes
CA-2015-EB13750140-42111,Yes
EG-2015-AC66038-42250,Yes
IN-2013-TH2111558-41488,Yes
ES-2012-GH14485139-41054,Yes
ES-2014-LL1684048-41986,Yes
CA-2014-NS18640140-41985,Yes
ID-2012-MD1786059-40965,Yes
ES-2012-TB2140048-40968,Yes
RS-2015-TB11520108-42126,Yes
ID-2015-BG1169588-42012,Yes
CA-2014-ES14020140-41802,Yes
ES-2015-HG14965120-42080,Yes
MX-2012-SW2075593-41250,Yes
CA-2012-BP11095140-41261,Yes
IN-2014-BG110357-41735,Yes
ES-2015-EB1417064-42012,Yes
MX-2015-EH1418531-42166,Yes
IN-2015-DS1303058-42173,Yes
CA-2015-AG10900140-42126,Yes
ES-2013-DE1325545-41278,Yes
SA-2013-JD6150110-41600,Yes
ID-2015-HA1490592-42287,Yes
CA-2013-IM15070140-41459,Yes
US-2015-TZ2144518-42259,Yes
ES-2015-DK1309045-42158,Yes
MX-2013-PT1909082-41579,Yes
ES-2015-EB141108-42267,Yes
SF-2014-JD6060117-41648,Yes
ES-2015-AR1051045-42234,Yes
IN-2013-CL1270027-41555,Yes
ES-2015-AH1012045-42057,Yes
IT-2013-ZD2192548-41503,Yes
IN-2014-DJ1342058-41646,Yes
ES-2014-LC1705048-41718,Yes
MX-2014-AJ1096031-41801,Yes
CA-2014-CP12340140-41808,Yes
IN-2013-JK1609027-41615,Yes
AJ-2013-SG108909-41580,Yes
MX-2015-DV1304593-42215,Yes
ES-2013-TP2156545-41598,Yes
US-2015-HG1484551-42171,Yes
IN-2014-AM103607-41864,Yes
CA-2015-DO13645140-42263,Yes
ES-2014-JP1552045-41871,Yes
MX-2013-JR1621037-41627,Yes
MX-2013-RL1961582-41572,Yes
ES-2014-EP1391548-42004,Yes
IN-2013-CD1228058-41311,Yes
MX-2013-EC1405018-41599,Yes
MX-2013-PO1885051-41338,Yes
CA-2012-FP14320140-41251,Yes
MX-2012-YS2188093-41060,Yes
IN-2013-CC1261027-41286,Yes
IN-2014-DB1321027-41899,Yes
MX-2014-JR1570036-41775,Yes
CA-2013-VD21670140-41583,Yes
CA-2014-BM11785140-41835,Yes
ES-2014-JP16135139-41899,Yes
US-2012-KB1631598-41064,Yes
IN-2012-AM10705130-41151,Yes
MX-2015-SC2038093-42151,Yes
GH-2013-MH729049-41615,Yes
IN-2013-NC1834058-41385,Yes
CA-2013-EB14110140-41377,Yes
IN-2015-JF1549078-42334,Yes
ID-2015-HM148607-42243,Yes
CA-2014-NS18505140-41968,Yes
ID-2013-AO1081059-41556,Yes
CA-2015-VW21775140-42326,Yes
MO-2013-NK849086-41366,Yes
IN-2014-KL1655592-41857,Yes
CA-2014-SN20560140-41817,Yes
MX-2014-SJ2012539-41908,Yes
MX-2015-DP1316593-42293,Yes
ES-2013-MN1793548-41466,Yes
SA-2014-SJ10125110-41944,Yes
IT-2015-ME18010124-42235,Yes
CA-2015-AD10180140-42340,Yes
ID-2014-TB2125059-41973,Yes
IN-2013-PS187607-41402,Yes
CA-2012-MC17425140-41058,Yes
US-2014-DA134505-41926,Yes
ID-2015-EN137807-42312,Yes
MX-2015-CB1241598-42333,Yes
HU-2015-JP552057-42249,Yes
CA-2012-KH16630140-41213,Yes
CA-2012-BS11755140-41046,Yes
US-2015-SJ2021554-42255,Yes
MX-2012-KT1646518-41017,Yes
MX-2015-AS1028518-42351,Yes
MX-2015-SC2068082-42231,Yes
ES-2014-MW1822048-41998,Yes
MX-2013-MF1766551-41402,Yes
CA-2014-JM15535140-41998,Yes
CA-2012-CC247523-41031,Yes
CA-2012-NC18535140-41112,Yes
IN-2013-MM172607-41395,Yes
IN-2013-PR1888027-41430,Yes
NI-2014-RA994595-41979,Yes
US-2012-RB19435140-41237,Yes
ES-2014-LP17095139-41772,Yes
MX-2014-FA1423055-41976,Yes
IN-2014-SH19975130-41975,Yes
CA-2014-GK14620140-41753,Yes
US-2012-DK1289598-41166,Yes
ES-2014-AB10165139-41888,Yes
US-2014-SP20860140-41968,Yes
IT-2012-GD1459091-40988,Yes
IN-2014-NB1865527-41858,Yes
PL-2012-JD5790103-41249,Yes
KE-2015-JH598569-42317,Yes
MX-2014-DC1328518-41751,Yes
ES-2014-HG1502548-41783,Yes
IV-2014-AM70529-41678,Yes
RO-2014-ND8370107-41839,Yes
EG-2015-AY55538-42121,Yes
MO-2014-KH669086-41830,Yes
IN-2014-SR2074027-41767,Yes
IN-2013-MF176657-41300,Yes
ES-2013-HM1498064-41289,Yes
MX-2015-DL1331582-42335,Yes
US-2013-MW1822036-41387,Yes
US-2014-BG11695140-42001,Yes
MX-2014-SW2075582-41811,Yes
MO-2014-MO795086-41706,Yes
MX-2015-PO1885082-42279,Yes
US-2014-DR12880140-41723,Yes
CA-2012-AG10525140-41153,Yes
IT-2013-KH1669045-41490,Yes
US-2012-JP155205-41153,Yes
CG-2015-AM70533-42233,Yes
CA-2015-AJ10945140-42248,Yes
MX-2013-SO2033526-41400,Yes
IN-2012-TS2150559-40990,Yes
CA-2015-MV17485140-42333,Yes
IN-2015-SC2038027-42306,Yes
IT-2012-JC1610564-41053,Yes
CA-2015-LE16810140-42348,Yes
US-2013-BB1099036-41379,Yes
TU-2013-AH195134-41319,Yes
MX-2014-TS2120518-41791,Yes
IR-2012-FH436560-41114,Yes
MX-2014-SH2039582-41895,Yes
US-2014-GT14710140-41980,Yes
IR-2014-BN151560-41880,Yes
ES-2012-SH2039545-40914,Yes
SA-2013-SC10260110-41451,Yes
CA-2014-BD11605140-41742,Yes
IN-2012-VD2167059-41269,Yes
ES-2015-MY17380120-42316,Yes
CA-2015-LC16870140-42091,Yes
IN-2012-TR2132527-41188,Yes
IN-2014-JC1538558-41815,Yes
MX-2012-NG1843018-41201,Yes
EG-2015-DM301538-42367,Yes
BU-2014-CS186019-41993,Yes
ID-2014-CT11995118-41810,Yes
IN-2012-EH139907-41140,Yes
CA-2012-RD19585140-41000,Yes
CA-2015-CW11905140-42138,Yes
MX-2014-NC1862593-41955,Yes
MX-2013-RB1936082-41552,Yes
IN-2012-AS1028527-41034,Yes
IN-2014-AO108107-41721,Yes
MX-2015-HG1484536-42070,Yes
ID-2015-JE1561097-42193,Yes
ES-2014-CY1274564-41726,Yes
IR-2014-SM1095060-41746,Yes
US-2012-PB1915055-41157,Yes
ES-2014-JB1600048-41856,Yes
ES-2015-JC1577548-42328,Yes
IT-2014-LP1708091-41907,Yes
MX-2012-ME1732018-41164,Yes
CA-2014-TS21655140-41999,Yes
ES-2015-SV20935139-42369,Yes
MX-2015-CJ12010141-42298,Yes
CA-2012-SH20395140-41214,Yes
IN-2013-GM1445527-41622,Yes
CA-2013-MS17530140-41579,Yes
US-2013-HD1478598-41583,Yes
US-2015-CB1202582-42305,Yes
CA-2015-BH11710140-42346,Yes
MX-2012-MO1750016-41222,Yes
ES-2012-MG17890139-41257,Yes
CA-2013-PO19195140-41598,Yes
ES-2015-KW1643545-42032,Yes
CA-2013-SS20515140-41479,Yes
MX-2012-RL1961539-40965,Yes
MX-2014-SZ2003531-41822,Yes
ID-2013-BT115307-41508,Yes
MX-2012-TG2131018-41132,Yes
CA-2012-TT21070140-41159,Yes
CA-2015-TS21505140-42316,Yes
ES-2013-AW1084064-41519,Yes
CA-2015-DV13045140-42350,Yes
ES-2015-BP11185139-42175,Yes
US-2015-EB13930140-42208,Yes
ES-2014-RS1942048-41831,Yes
CG-2012-MM828033-40983,Yes
MX-2013-JD1589536-41523,Yes
IN-2014-DB1291027-41870,Yes
ES-2014-DV1346564-41961,Yes
MX-2015-JK1564055-42174,Yes
CA-2015-LW17215140-42106,Yes
MX-2012-PM1894031-41208,Yes
BU-2012-EH394519-41265,Yes
MX-2012-VM2183551-41185,Yes
CA-2012-AZ10750140-40992,Yes
IT-2015-KB1631564-42301,Yes
IT-2015-EK13795139-42277,Yes
ID-2015-AS1009058-42316,Yes
MX-2015-MC1742593-42304,Yes
MX-2014-DW1358531-41779,Yes
ES-2015-AB1016545-42356,Yes
MX-2015-DG1330093-42319,Yes
MX-2013-SW2027536-41587,Yes
MX-2015-SP2065082-42257,Yes
IN-2014-CC125507-41963,Yes
ES-2015-CW11905139-42288,Yes
ZA-2015-SW10350146-42061,Yes
IN-2015-PR1888027-42125,Yes
ES-2014-DB1327045-41689,Yes
ES-2012-PM1894045-41145,Yes
CA-2013-AG10495140-41571,Yes
ES-2012-CD1198048-41151,Yes
ES-2015-SF20200139-42229,Yes
MX-2012-BD1150093-41041,Yes
ES-2015-BE11410120-42225,Yes
BN-2012-RW963015-41216,Yes
US-2014-HP148155-41906,Yes
ES-2015-BF11170139-42174,Yes
IN-2015-DB129707-42152,Yes
CA-2012-EH13765140-41199,Yes
IN-2012-BB115457-41194,Yes
IN-2012-SG206057-40978,Yes
IN-2015-RH1951011-42040,Yes
ZA-2014-JW6075146-41739,Yes
ES-2012-JA15970139-41080,Yes
IN-2012-JR1567027-41031,Yes
ES-2013-JE1547545-41450,Yes
IT-2014-LS1720064-41954,Yes
IN-2014-CA1226527-41794,Yes
UP-2014-AA645137-41807,Yes
NI-2014-MH745595-41696,Yes
ID-2015-EJ1415592-42299,Yes
ID-2014-KD1649559-41807,Yes
ES-2014-DK1298548-41711,Yes
BU-2014-MH745519-41670,Yes
ID-2015-NR18550102-42078,Yes
IN-2012-JH1591027-41262,Yes
IN-2012-JL151307-40988,Yes
IT-2015-AG1049545-42229,Yes
CA-2014-JF15565140-41686,Yes
IN-2014-SH2063527-41858,Yes
IN-2015-LD1700558-42285,Yes
LO-2012-JL5850114-41121,Yes
BO-2014-KH636013-41859,Yes
US-2013-EM1382555-41579,Yes
IT-2015-MB1808591-42145,Yes
SF-2014-EL3735117-41875,Yes
TU-2014-JF5565134-41818,Yes
MX-2014-BM1114055-41961,Yes
TU-2015-SW10275134-42311,Yes
ES-2014-SS208758-41683,Yes
US-2014-BW1120018-41979,Yes
IN-2013-TD20995130-41609,Yes
ES-2015-KB1660096-42048,Yes
IN-2015-Dl1360058-42364,Yes
ES-2014-MB18085139-41956,Yes
IT-2015-AR10345139-42116,Yes
IN-2013-JG1531027-41602,Yes
ES-2014-MC1810045-41982,Yes
CA-2015-HG15025140-42363,Yes
MO-2015-AB25586-42117,Yes
US-2012-CS1246036-41247,Yes
ES-2014-JD1606045-41699,Yes
MX-2013-EM1381018-41552,Yes
MX-2015-MY1829582-42321,Yes
CA-2015-KH16330140-42329,Yes
ES-2014-MG18205139-41867,Yes
CA-2015-DO13645140-42343,Yes
IN-2014-ML177557-41922,Yes
SA-2015-AR570110-42299,Yes
US-2015-LH16900140-42348,Yes
CA-2015-JE15745140-42111,Yes
CA-2013-MV17485140-41450,Yes
IT-2012-KH16690104-41037,Yes
IN-2015-SL2015558-42222,Yes
MX-2012-KM1672018-41242,Yes
ID-2014-DB132107-41934,Yes
IN-2012-CM1223527-41248,Yes
IN-2014-BD116207-41650,Yes
CA-2015-OT18730140-42304,Yes
AO-2013-JE57454-41544,Yes
EG-2014-SC1009538-41847,Yes
ID-2013-GZ144707-41467,Yes
ES-2015-MJ17740139-42073,Yes
IR-2014-MM805560-41990,Yes
IT-2014-TP2141545-41858,Yes
ID-2013-TG21640102-41508,Yes
IN-2014-LS172307-41954,Yes
IN-2012-GM1444058-41200,Yes
TU-2012-AJ960134-40990,Yes
CA-2014-PF19225140-41817,Yes
IN-2014-TB2162558-41724,Yes
MX-2012-ND1837082-41223,Yes
ID-2015-MG1814592-42132,Yes
CA-2014-CA12265140-41677,Yes
SF-2012-MH7440117-41065,Yes
MX-2012-AB1015093-41101,Yes
IZ-2015-EM396061-42110,Yes
IN-2015-AW1084058-42083,Yes
ES-2015-PS1897045-42179,Yes
ES-2013-WB2185064-41587,Yes
CA-2015-NC18535140-42096,Yes
MX-2014-LS1697518-41666,Yes
IN-2012-SB2018559-41157,Yes
ML-2014-BD177079-41893,Yes
MX-2015-CM1244582-42354,Yes
MX-2012-AW1084082-41192,Yes
MX-2015-CL1270093-42180,Yes
CA-2015-CC12475140-42278,Yes
MX-2014-AH1069093-41990,Yes
AO-2013-SF102004-41628,Yes
MX-2014-SZ2003518-41703,Yes
EG-2015-RA994538-42342,Yes
TU-2015-AG495134-42130,Yes
IN-2012-PR1888058-41013,Yes
ES-2015-CS1235548-42010,Yes
IN-2015-MH1811558-42185,Yes
IN-2015-JP1546058-42258,Yes
IR-2015-CA196560-42201,Yes
MX-2013-AF1087026-41536,Yes
US-2012-JF15490140-41269,Yes
IN-2015-PS18760102-42263,Yes
ES-2014-KT1646548-41678,Yes
ES-2014-MC1760548-41900,Yes
MX-2014-BE1145531-41650,Yes
CA-2015-BP11095140-42352,Yes
CG-2014-ML775533-41740,Yes
ID-2014-CV1280527-41773,Yes
SA-2013-RF9840110-41277,Yes
SF-2012-AG675117-40976,Yes
US-2015-CR12820140-42284,Yes
ES-2013-MB1808545-41629,Yes
IN-2015-SC20260130-42032,Yes
IN-2012-TS211607-41179,Yes
IZ-2015-MO795061-42271,Yes
MX-2014-LL1684039-41853,Yes
ES-2013-EB14110139-41528,Yes
CA-2015-BT11530140-42278,Yes
ES-2013-LC1714064-41409,Yes
US-2013-DG13300140-41458,Yes
CA-2014-IG15085140-41808,Yes
ES-2015-LO17170139-42166,Yes
IN-2015-SS2059059-42364,Yes
AG-2014-CP20853-41889,Yes
US-2012-AB1025582-40928,Yes
TU-2014-PK8910134-41798,Yes
IT-2015-JW1522091-42234,Yes
CA-2013-RH19510140-41544,Yes
ES-2014-DM13015120-41856,Yes
NI-2013-JB600095-41621,Yes
US-2015-TC2114555-42166,Yes
IT-2013-DJ1351064-41352,Yes
IN-2012-DB131207-41257,Yes
IZ-2015-EH412561-42161,Yes
US-2013-KB16315140-41318,Yes
CA-2015-CV12805140-42025,Yes
MX-2015-AG1052518-42357,Yes
IN-2012-MP179657-41242,Yes
IN-2015-PG1882097-42251,Yes
ES-2012-SW2024548-41073,Yes
IT-2012-MC1742548-41177,Yes
TU-2012-CS1845134-41235,Yes
CA-2015-SC20725140-42182,Yes
ES-2015-TP21415139-42251,Yes
CA-2015-RA19915140-42357,Yes
ES-2014-SV2093545-41674,Yes
KZ-2015-RM975068-42228,Yes
KG-2015-RH955570-42340,Yes
IT-2015-JS1603045-42229,Yes
CA-2015-LW16990140-42336,Yes
IN-2015-SS2059059-42236,Yes
IN-2012-LH1715559-40968,Yes
US-2015-TT21220140-42186,Yes
SF-2015-RS9765117-42224,Yes
ID-2014-JF153557-41649,Yes
IT-2014-CA12310139-41961,Yes
ES-2015-SL2015545-42335,Yes
IT-2014-DB1312091-41894,Yes
IT-2015-DB13555139-42063,Yes
CA-2012-DB13360140-41231,Yes
CA-2013-NW18400140-41599,Yes
MX-2013-TB2128039-41278,Yes
ES-2012-JC1577548-41195,Yes
ES-2012-KB162408-41191,Yes
IN-2014-VF2171527-41819,Yes
MO-2015-AB60086-42173,Yes
ID-2012-LH1715592-41091,Yes
ES-2014-BP11230139-41970,Yes
IN-2015-DF1313559-42360,Yes
ES-2015-DK13375139-42082,Yes
US-2015-RM197505-42122,Yes
CA-2015-EH14125140-42035,Yes
IN-2013-DR12880144-41384,Yes
IN-2015-RH196007-42179,Yes
ES-2015-JW152208-42033,Yes
CA-2013-GB14530140-41583,Yes
IN-2015-NK1849058-42154,Yes
CA-2015-TD20995140-42118,Yes
MX-2014-JR1570039-41955,Yes
ID-2014-TB21280130-41884,Yes
NG-2013-NB858094-41469,Yes
CA-2015-EP13915140-42316,Yes
ID-2015-JC1538592-42039,Yes
ES-2014-AH10585139-41920,Yes
MX-2015-CR1273051-42262,Yes
ES-2012-AB1016545-40957,Yes
ES-2014-AG1039045-41685,Yes
GG-2012-BS159047-41184,Yes
IN-2014-DW131957-41982,Yes
IT-2014-BS1166562-41864,Yes
IN-2013-MY1738058-41545,Yes
MX-2012-KD1634518-40977,Yes
IT-2013-CA1205591-41545,Yes
CA-2013-NF847523-41549,Yes
CA-2015-SG20605140-42120,Yes
US-2015-FW1439518-42306,Yes
SG-2015-BE1410111-42348,Yes
CA-2015-LT17110140-42335,Yes
US-2013-AB10105101-41446,Yes
SO-2014-GM4455116-41984,Yes
ES-2015-NH1861048-42299,Yes
CA-2013-AH10690140-41639,Yes
ML-2013-GW460579-41403,Yes
PL-2013-JF5190103-41443,Yes
ID-2013-TC2114527-41594,Yes
CA-2013-ES14020140-41384,Yes
IN-2012-SC2057559-41146,Yes
CA-2013-SJ20215140-41461,Yes
ES-2015-PC1900045-42227,Yes
US-2013-KA1652582-41360,Yes
IZ-2015-JM525061-42235,Yes
MA-2012-TZ1144577-41037,Yes
US-2013-CD1198055-41594,Yes
IT-2015-JK1609048-42097,Yes
ES-2013-CS1225048-41579,Yes
CA-2014-BC11125140-41846,Yes
MX-2015-CM1211528-42296,Yes
ES-2015-AM10705120-42213,Yes
US-2013-LB1679555-41462,Yes
CA-2012-KN16390140-41244,Yes
MO-2015-LA678086-42168,Yes
CA-2015-GM14455140-42353,Yes
ES-2012-DM1295548-41100,Yes
MX-2012-DM1301593-40971,Yes
IN-2014-HM1486092-41679,Yes
ID-2015-SS205907-42361,Yes
IT-2013-GT14710125-41392,Yes
ID-2015-MG1768092-42032,Yes
IN-2015-VP2173058-42024,Yes
ES-2013-HG14965120-41571,Yes
IR-2012-JF529560-40988,Yes
US-2014-KD16495140-41976,Yes
MX-2015-FG142605-42318,Yes
ES-2012-SV20365120-41132,Yes
US-2014-DL12925101-41646,Yes
NI-2012-DV304595-41121,Yes
ES-2013-GT1475545-41597,Yes
ID-2014-CK1220527-41948,Yes
ES-2013-PB18805120-41591,Yes
EG-2012-MC727538-41130,Yes
IN-2013-AM1070527-41535,Yes
ES-2012-JH16180139-41090,Yes
ID-2013-TM210107-41492,Yes
ID-2015-CJ1187597-42147,Yes
ES-2014-TS2116045-41817,Yes
CA-2014-ES14080140-41737,Yes
US-2015-GT1471055-42299,Yes
IN-2014-PW1903058-41999,Yes
ID-2012-NB1858092-41241,Yes
IN-2014-TS211607-41875,Yes
IN-2013-RH195107-41573,Yes
US-2015-JH1543055-42328,Yes
US-2014-PK19075140-41907,Yes
IN-2013-MG176957-41542,Yes
IR-2013-PK891060-41342,Yes
MX-2014-ML1775593-41795,Yes
IT-2014-VP2173048-41990,Yes
CA-2013-LS17245140-41629,Yes
ES-2012-BM1178545-41144,Yes
PL-2012-LL6840103-41137,Yes
IN-2014-SC205757-41662,Yes
CA-2012-RP19270140-41200,Yes
SF-2013-KN6390117-41614,Yes
MX-2015-DA1345051-42180,Yes
CA-2013-BM11575140-41532,Yes
CA-2015-JC16105140-42301,Yes
NI-2012-SP1086095-41090,Yes
IT-2012-RS1987091-41200,Yes
CA-2013-SM20950140-41627,Yes
ES-2014-AS1009045-41885,Yes
MX-2014-SK1999082-41922,Yes
IT-2013-VW2177545-41580,Yes
ES-2012-AI1085548-41187,Yes
CA-2014-NZ18565140-41964,Yes
ES-2015-ES1402045-42032,Yes
SA-2012-LC6870110-41121,Yes
ES-2012-KN16705120-41257,Yes
TU-2015-EN3780134-42164,Yes
CA-2013-MS17365140-41632,Yes
MX-2013-JC1538528-41574,Yes
RW-2015-BG1740109-42353,Yes
MX-2015-EL1373536-42278,Yes
ES-2012-JK1564048-41191,Yes
IN-2015-JH159857-42221,Yes
CA-2012-ML17395140-41194,Yes
IR-2013-CM193560-41296,Yes
MX-2015-BD1172537-42330,Yes
ES-2013-BE1133564-41387,Yes
IT-2015-Dl1360048-42209,Yes
CA-2012-RB19435140-41236,Yes
IR-2015-JD615060-42186,Yes
ID-2014-AG1076527-41872,Yes
MX-2013-JM156555-41549,Yes
IT-2013-DK1298564-41618,Yes
US-2014-MH1811554-41900,Yes
IN-2013-MS17710113-41495,Yes
ID-2014-KB16600144-41986,Yes
ES-2014-SC2002045-41790,Yes
CA-2012-LE16810140-41258,Yes
CA-2015-DM13345140-42347,Yes
CA-2014-BC11125140-41864,Yes
IN-2013-NP186707-41474,Yes
TU-2014-JW5220134-41755,Yes
CA-2014-RD19810140-41798,Yes
IN-2015-JD1589558-42288,Yes
US-2014-VM21835140-41772,Yes
MX-2013-EH1412555-41276,Yes
EZ-2012-PS904532-41150,Yes
CA-2013-JD15895140-41620,Yes
CA-2014-BD11620140-41707,Yes
CA-2014-JH15985140-41888,Yes
ES-2015-PO18850139-42264,Yes
CG-2015-PV898533-42225,Yes
MX-2013-CD1279082-41521,Yes
US-2012-DK1283536-40939,Yes
SF-2013-PF9165117-41490,Yes
MX-2014-ES1402082-41929,Yes
IT-2015-RB19570120-42181,Yes
CA-2014-TZ1144523-41985,Yes
RS-2015-BP1230108-42132,Yes
CA-2015-SR20425140-42361,Yes
CA-2013-JK16120140-41551,Yes
IN-2014-LM1706566-41893,Yes
CA-2014-ON18715140-41710,Yes
US-2014-RB19570140-41886,Yes
MX-2014-TG216405-41952,Yes
US-2015-LR1691518-42180,Yes
NI-2015-MK790595-42144,Yes
UP-2014-LL6840137-41670,Yes
ES-2015-LT1711045-42025,Yes
TU-2012-FG4260134-41177,Yes
IT-2014-AT1043591-41795,Yes
CA-2015-JF15415140-42367,Yes
IT-2012-RD19930120-41222,Yes
IR-2014-BD162060-41820,Yes
ES-2015-CM1223545-42327,Yes
MX-2015-MS1798028-42300,Yes
UP-2015-RK9300137-42341,Yes
CA-2015-MA17560140-42298,Yes
US-2013-HD1478555-41565,Yes
MX-2013-BS1136536-41595,Yes
CA-2012-RH19495140-41143,Yes
ET-2014-SV1081543-41814,Yes
MX-2013-AP1091536-41528,Yes
MX-2015-RH1951082-42262,Yes
CA-2013-JC16105140-41520,Yes
ES-2012-MP1817564-41187,Yes
US-2013-RR19525140-41613,Yes
ES-2013-GT14710139-41614,Yes
EK-2014-EP391540-41947,Yes
ID-2012-TC2129527-41137,Yes
MX-2014-TM2149039-41923,Yes
TU-2015-EB3840134-42326,Yes
MX-2013-DW1348051-41548,Yes
US-2014-GK14620101-41744,Yes
MX-2012-PF1912028-41059,Yes
IZ-2013-GZ454561-41314,Yes
CA-2015-SC20380140-42039,Yes
IN-2015-BS11590102-42287,Yes
MX-2012-MF1766582-41174,Yes
TU-2015-CS1860134-42042,Yes
MX-2013-SS2059093-41565,Yes
MX-2015-PR1888018-42153,Yes
PL-2014-BM1650103-41888,Yes
CA-2015-DK13090140-42279,Yes
ID-2014-RB19330102-41767,Yes
MX-2013-RW1963082-41528,Yes
IT-2012-BD1172591-40992,Yes
TU-2015-SW10350134-42024,Yes
US-2014-SG2008055-41769,Yes
ES-2012-AR104058-41127,Yes
CG-2015-DW358533-42341,Yes
CA-2012-HP14815140-41236,Yes
ID-2013-AS1022559-41392,Yes
PL-2015-ML8265103-42252,Yes
ES-2014-BD1132048-41992,Yes
CA-2015-JH15430140-42329,Yes
CA-2015-NG18355140-42235,Yes
MX-2012-MM1805531-40978,Yes
ES-2013-EH14125120-41573,Yes
ES-2015-BM1157545-42276,Yes
ES-2015-CB1202545-42041,Yes
IT-2014-AP1091564-41896,Yes
ES-2012-AG1049564-41254,Yes
ID-2013-GZ14545130-41605,Yes
IN-2015-LH171557-42294,Yes
US-2015-PN18775140-42339,Yes
ID-2015-GD1459092-42144,Yes
IN-2014-IM1507058-41812,Yes
US-2012-JW1595555-41073,Yes
MX-2014-AG1076539-41887,Yes
ES-2015-LD1685548-42185,Yes
US-2012-CW1190536-41241,Yes
ID-2015-GM1445592-42334,Yes
EG-2013-VG1179038-41590,Yes
CA-2015-PN18775140-42120,Yes
ID-2012-RB193307-41261,Yes
CA-2015-AG10675140-42272,Yes
EN-2015-MC760542-42174,Yes
US-2014-MG1814555-41928,Yes
CA-2015-RB19795140-42138,Yes
IR-2014-DL286560-41950,Yes
CA-2015-PK19075140-42316,Yes
ES-2014-EJ1415545-41901,Yes
ES-2014-EB1397564-41814,Yes
MX-2012-JL1517582-41163,Yes
ES-2014-CP12340120-41738,Yes
US-2015-SC2084582-42125,Yes
TU-2013-AH585134-41367,Yes
CA-2014-BM11575140-41964,Yes
SI-2014-TC10980115-41955,Yes
ES-2012-VG2180548-41175,Yes
MX-2014-Dp1324082-41960,Yes
IN-2015-MH1744027-42025,Yes
IN-2015-TW2102578-42063,Yes
IT-2015-FO1430564-42342,Yes
BO-2015-MS798013-42091,Yes
CA-2012-ZC21910140-41271,Yes
ES-2012-AJ1094545-41239,Yes
US-2015-RL19615140-42147,Yes
NI-2012-SN1056095-41065,Yes
CA-2014-EH13945140-41655,Yes
MX-2013-JP1552082-41440,Yes
IN-2015-CR126257-42046,Yes
IN-2014-OT187307-41944,Yes
MX-2013-MC1759039-41577,Yes
MX-2012-BF1127582-41039,Yes
TU-2014-EG3900134-41794,Yes
CA-2013-TC21535140-41536,Yes
US-2015-EB1397518-42304,Yes
ES-2015-JK1564064-42297,Yes
EG-2015-RM937538-42360,Yes
MX-2014-PO1886593-41642,Yes
SA-2015-BB990110-42291,Yes
US-2012-TS2108536-41070,Yes
EG-2013-FA423038-41534,Yes
ES-2013-SC20305139-41480,Yes
CA-2013-BP11095140-41481,Yes
MO-2013-JW607586-41520,Yes
ID-2015-NP18685102-42224,Yes
ES-2015-JC16105139-42173,Yes
US-2015-RH1955518-42079,Yes
CA-2014-WB21850140-41654,Yes
IN-2013-SW202757-41585,Yes
MX-2013-SC2077018-41329,Yes
CA-2015-HM14980140-42122,Yes
IR-2012-DV304560-40929,Yes
MX-2013-EJ1415516-41465,Yes
CA-2012-EJ13720140-41258,Yes
CA-2015-SC20305140-42245,Yes
IS-2013-MY829563-41460,Yes
ID-2015-LS172007-42133,Yes
MX-2012-BT1130582-41158,Yes
ES-2015-CL1189064-42356,Yes
CA-2014-JG15160140-41910,Yes
ID-2014-MP1747059-41709,Yes
SA-2013-GM4680110-41328,Yes
MX-2012-TZ2158093-40955,Yes
CA-2012-RB19645140-41143,Yes
CA-2012-IM15055140-40932,Yes
IN-2015-BK1126027-42341,Yes
US-2015-DB1355598-42119,Yes
MX-2012-AW1093031-40912,Yes
MX-2014-HE1480082-41851,Yes
US-2013-ON18715140-41411,Yes
MX-2012-AH1046539-41185,Yes
TU-2012-FH4365134-41121,Yes
ID-2013-RW1954097-41476,Yes
CA-2014-AM10360140-41837,Yes
CA-2013-FC14335140-41409,Yes
IN-2015-IG1508566-42228,Yes
IT-2014-EK1379591-41771,Yes
ID-2015-TC2129559-42223,Yes
CA-2014-BD11620140-41999,Yes
CA-2014-RD19900140-41960,Yes
ID-2012-TH21100118-41125,Yes
IZ-2014-CA205561-41816,Yes
CA-2013-TC21475140-41391,Yes
AG-2014-RD95853-41712,Yes
ID-2012-JE1574559-41234,Yes
CA-2014-TS21160140-41702,Yes
MX-2015-DK1289526-42090,Yes
CA-2013-GB14530140-41528,Yes
IN-2015-RD1948011-42109,Yes
ID-2015-RM197507-42129,Yes
US-2013-PT1909018-41418,Yes
CA-2014-AS10045140-41727,Yes
ES-2013-CS1246064-41368,Yes
MX-2015-SZ2003536-42216,Yes
SF-2013-BD1620117-41376,Yes
TU-2013-DL2925134-41534,Yes
IN-2015-DB13660102-42089,Yes
MX-2015-KC1625582-42259,Yes
EG-2014-SB1018538-41944,Yes
ES-2015-NM18445139-42218,Yes
CM-2012-SC1068022-41009,Yes
CA-2014-TB21280140-41786,Yes
ES-2012-AB1060064-40927,Yes
MX-2013-JC1534082-41392,Yes
MX-2014-CG1204031-41977,Yes
UP-2014-CR2580137-41922,Yes
NI-2015-JG516095-42235,Yes
MX-2014-HP1481582-41709,Yes
IN-2015-DK1289559-42281,Yes
ES-2014-SJ2021548-41998,Yes
IN-2014-BS1159027-42000,Yes
US-2013-GM14500101-41366,Yes
IN-2013-KM1666059-41574,Yes
ID-2014-RP1927059-41918,Yes
IN-2015-AS102857-42217,Yes
US-2013-EJ1372018-41628,Yes
IN-2015-CR128207-42270,Yes
US-2014-FO14305140-41944,Yes
SF-2012-CC2685117-41263,Yes
IT-2012-NF18385139-41237,Yes
CA-2015-EB13705140-42321,Yes
US-2014-JE1574555-41971,Yes
ES-2013-TB2162548-41374,Yes
CA-2015-JS594023-42346,Yes
IN-2015-MH1811592-42116,Yes
US-2013-MA1799536-41346,Yes
IN-2012-JM15265144-41031,Yes
CA-2012-JG15115140-41189,Yes
US-2015-CG1252055-42316,Yes
MX-2014-RR1931526-41951,Yes
CA-2014-CK12595140-41711,Yes
MX-2014-DM1295598-41807,Yes
MX-2012-BS1159039-41175,Yes
MX-2012-DS1318018-41081,Yes
TU-2015-CS2355134-42101,Yes
ID-2014-EB1397559-41919,Yes
IN-2014-AC1061558-41808,Yes
EG-2012-NM844538-41002,Yes
ES-2014-RB1964545-41859,Yes
IN-2015-MA17995121-42230,Yes
NI-2013-EH376595-41500,Yes
IR-2015-BD162060-42252,Yes
IN-2014-PB19210130-41872,Yes
IN-2015-AA1031558-42361,Yes
TZ-2015-BM1785129-42285,Yes
IV-2014-LC688529-41898,Yes
IN-2015-DL1292558-42167,Yes
EG-2015-NF838538-42060,Yes
CA-2014-ND18370140-41963,Yes
NI-2012-BM114095-41061,Yes
CA-2012-CM11815140-41226,Yes
ES-2015-CJ1201064-42323,Yes
IN-2015-MB180857-42172,Yes
ES-2015-MJ1774045-42168,Yes
ES-2015-HJ14875139-42013,Yes
CA-2012-CM11815140-41273,Yes
CA-2014-BT11680140-41751,Yes
IN-2012-GM1444027-41128,Yes
IN-2015-DK12985144-42112,Yes
TU-2015-LP7080134-42185,Yes
CA-2014-DP13390140-41784,Yes
US-2014-AJ1078018-41752,Yes
IT-2013-BW11065139-41370,Yes
ES-2015-GG1465048-42245,Yes
CA-2012-PB19150140-41254,Yes
CA-2014-TT21265140-41915,Yes
IR-2012-SS1051560-41125,Yes
CA-2012-RA988523-41160,Yes
US-2015-ME17320140-42322,Yes
US-2012-GH1442598-41140,Yes
ES-2013-EC1405048-41520,Yes
US-2015-GZ14470140-42362,Yes
MX-2014-ML1741039-41935,Yes
MX-2012-DP1316582-41234,Yes
MX-2012-BD1163582-41249,Yes
MX-2015-CD1279080-42293,Yes
IN-2014-DW1319559-41730,Yes
IN-2015-JK1612058-42126,Yes
US-2014-AR104055-41906,Yes
NI-2015-JG516095-42353,Yes
US-2012-SC20260140-41165,Yes
CA-2012-CM12715140-41177,Yes
CA-2015-HM14860140-42221,Yes
IN-2015-DK1337566-42155,Yes
CA-2013-KC16255140-41473,Yes
AL-2012-EM38252-41213,Yes
CA-2013-EH13945140-41465,Yes
ES-2012-MZ1751545-41262,Yes
US-2014-LH1675055-41840,Yes
MX-2015-LA1678051-42286,Yes
ID-2014-LB167957-41829,Yes
CA-2015-LW17215140-42348,Yes
ES-2015-AM10705120-42017,Yes
TU-2014-SD10485134-41771,Yes
US-2012-AH1046536-41234,Yes
US-2012-DB1327036-41021,Yes
CA-2014-LS16945140-41912,Yes
MX-2015-QJ1925551-42255,Yes
ES-2015-AS1004564-42028,Yes
SG-2015-AG495111-42164,Yes
CA-2012-KC16675140-41255,Yes
CA-2015-JB16045140-42362,Yes
ZA-2015-RC9960146-42257,Yes
ES-2012-TB21190139-40992,Yes
US-2013-GA1472598-41599,Yes
US-2013-TS2134055-41356,Yes
CA-2015-EH13765140-42027,Yes
TU-2015-SC10050134-42216,Yes
CA-2014-CY12745140-41867,Yes
KG-2015-FO430570-42318,Yes
GH-2015-KD661549-42183,Yes
IT-2015-DK12895124-42312,Yes
CA-2013-DP13165140-41557,Yes
CA-2015-SP20860140-42276,Yes
IN-2015-RH1949559-42257,Yes
CA-2013-BN11470140-41380,Yes
NI-2013-EH412595-41541,Yes
ID-2013-PB18805130-41421,Yes
TU-2015-SV10785134-42340,Yes
US-2014-DJ1363018-41963,Yes
US-2015-JE15610140-42321,Yes
ID-2014-RH1949559-41984,Yes
IN-2014-AJ109457-41793,Yes
CA-2012-LT16765140-41152,Yes
IN-2012-ST2053058-41058,Yes
CA-2012-PJ19015140-41005,Yes
MX-2014-DK1298518-41740,Yes
ID-2014-SC2026092-41894,Yes
UP-2013-DL2925137-41299,Yes
AE-2014-MY7380138-42004,Yes
ES-2015-LS1723045-42159,Yes
TU-2014-MY8295134-41860,Yes
MX-2014-KN1639082-41907,Yes
IT-2013-CA12310139-41538,Yes
CA-2014-LF17185140-41933,Yes
CA-2015-SJ20125140-42105,Yes
US-2013-DR12940140-41635,Yes
TU-2014-TC11145134-41656,Yes
MX-2012-RE1940539-41195,Yes
ES-2013-ME1772545-41370,Yes
CA-2013-MS17830140-41478,Yes
IN-2015-DB13405144-42341,Yes
US-2015-SC20050140-42278,Yes
IN-2014-DM1301527-41919,Yes
CA-2014-DL13330140-41941,Yes
MX-2012-AH1012082-41226,Yes
NG-2015-JC577594-42260,Yes
CA-2014-MG17890140-41703,Yes
EG-2014-CS186038-41690,Yes
US-2012-KT16465140-41168,Yes
NI-2013-DB321095-41521,Yes
CA-2013-PS19045140-41438,Yes
TU-2015-AG675134-42099,Yes
US-2015-SH1997555-42052,Yes
IT-2014-DO1364591-41870,Yes
ES-2013-BF1100591-41501,Yes
US-2012-JA1597055-41237,Yes
TU-2013-CR2730134-41324,Yes
RO-2015-SA10830107-42012,Yes
MX-2015-NF1859539-42209,Yes
NI-2014-JK562595-41779,Yes
MX-2015-SP2092055-42363,Yes
MX-2014-EH1418518-41915,Yes
MX-2014-KL1664593-41733,Yes
NI-2015-BP105095-42249,Yes
CA-2015-ML17410140-42025,Yes
IN-2015-AH1069027-42181,Yes
IN-2015-BE1141027-42249,Yes
TU-2015-JD6015134-42327,Yes
IN-2013-AS1028558-41354,Yes
US-2012-GR1456054-41082,Yes
CA-2014-AB10255140-41936,Yes
BN-2014-KB631515-41904,Yes
CA-2015-BD11725140-42276,Yes
KZ-2012-PR888068-41144,Yes
CA-2015-SC20575140-42236,Yes
CA-2015-GK14620140-42257,Yes
ZA-2015-MN7935147-42339,Yes
ES-2012-AA1064564-41268,Yes
IN-2015-MO178007-42363,Yes
CA-2013-AI10855140-41628,Yes
ES-2015-WB21850139-42248,Yes
AG-2014-CM21603-41755,Yes
IN-2012-RC198257-41167,Yes
IN-2013-JM152657-41576,Yes
TU-2012-PF9165134-41074,Yes
US-2012-TH21235140-41216,Yes
US-2013-PF1916582-41445,Yes
CA-2015-AA10645140-42314,Yes
ES-2012-MO17950120-41137,Yes
ES-2013-PB1915034-41373,Yes
NI-2014-CG204095-41856,Yes
NI-2015-EB411095-42174,Yes
IN-2014-KD16345144-41768,Yes
IN-2015-LA16780102-42095,Yes
IN-2014-SE2011066-41772,Yes
ES-2015-AS1024064-42297,Yes
ZA-2014-LS6945147-41672,Yes
TU-2014-SF10965134-41992,Yes
US-2014-LB16795140-41957,Yes
IN-2014-DA1345058-41769,Yes
US-2013-HG14845140-41530,Yes
US-2013-SJ2021582-41543,Yes
CA-2015-EB13870140-42269,Yes
EG-2014-PM894038-41846,Yes